Song,Artist,Date,Streams,Rank
astral step,shadowraze,2022-02-20,"8,929",1
МАЛИНОВАЯ ЛАДА,GAYAZOV$ BROTHER$,2022-02-20,"8,362",2
Фотографирую закат,fem.love,2022-02-20,"6,507",3
adaptive strike,"shadowraze, LXNER, quiizzzmeow",2022-02-20,"6,459",4
Отпускаю,"Egor Kreed, MakSim",2022-02-20,"5,889",5
Лёд,"WENARO, LXNER",2022-02-20,"4,989",6
Yeyo!,Шайни,2022-02-20,"4,440",7
99 Problems,"Big Baby Tape, kizaru",2022-02-20,"4,317",8
ТОЛПЫ КРИЧАТ,"uniqe, nkeeei, ARTEM SHILOVETS",2022-02-20,"4,163",9
СОЛНЦЕ МОНАКО,Lusia Chebotina,2022-02-20,"4,128",10
Marmalade,"Miyagi & Andy Panda, Mav-d",2022-02-20,"4,116",11
Седьмой лепесток,Антон Токарев,2022-02-20,"4,072",12
Bandana,"Big Baby Tape, kizaru",2022-02-20,"3,993",13
плачь,"rizza, Sqwore",2022-02-20,"3,947",14
shadowfiend,shadowraze,2022-02-20,"3,829",15
Million,"Big Baby Tape, kizaru",2022-02-20,"3,588",16
juggernaut (Prod. by PLVSTIC),shadowraze,2022-02-20,"3,572",17
первое свидание,алёна швец.,2022-02-20,"3,504",18
Гармония,Artik & Asti,2022-02-20,"3,485",19
баночка с окурками,КОСМОНАВТОВ НЕТ,2022-02-20,"3,439",20
MIDDLE OF THE NIGHT,Elley Duhé,2022-02-20,"3,406",21
ВЛЮБИЛАСЬ,"Big Baby Tape, Молодой Платон",2022-02-20,"3,403",22
Aomine Daiki,quiizzzmeow,2022-02-20,"3,238",23
ночь,ooes,2022-02-20,"3,236",24
Барбисайз,"Дора, MAYBE BABY",2022-02-20,"3,200",25
psiblades,"shadowraze, babyswishh1",2022-02-20,"3,153",26
Днями-ночами,"pyrokinesis, MUKKA",2022-02-20,"3,034",27
Close Eyes,DVRST,2022-02-20,"3,024",28
За всех,MACAN,2022-02-20,"3,015",29
1000-7,"shadowraze, GENJUTSU",2022-02-20,"2,992",30
Кожура,ZAPOMNI,2022-02-20,"2,948",31
Буревестник,Miyagi & Andy Panda,2022-02-20,"2,921",32
Enemy (with JID) - from the series Arcane League of Legends,Imagine Dragons,2022-02-20,"2,918",33
Привет,Kambulat,2022-02-20,"2,865",34
МЯТОЙ - remix 2010,КОСМОНАВТОВ НЕТ,2022-02-20,"2,843",35
Феникс,ANNA ASTI,2022-02-20,"2,810",36
Башня,"Даня Милохин, Mumiy Troll",2022-02-20,"2,749",37
Я всё решу (Intro),ZAPOMNI,2022-02-20,"2,715",38
Первый раз - remix nevroz,JojoHF,2022-02-20,"2,669",39
Диалоги тет-а-тет,"ALEKS ATAMAN, FINIK",2022-02-20,"2,617",40
STAY (with Justin Bieber),The Kid LAROI,2022-02-20,"2,581",41
abcdefu,GAYLE,2022-02-20,"2,573",42
Дом Периньон,"Poshlaya Molly, Eldzhey",2022-02-20,"2,515",43
Baby mama,"Skryptonite, Райда",2022-02-20,"2,502",44
Вина,Три дня дождя,2022-02-20,"2,487",45
Огни,"ANIKV, SALUKI",2022-02-20,"2,482",46
Лифон,"uniqe, nkeeei, ARTEM SHILOVETS, SAGARA",2022-02-20,"2,445",47
в темноте,"КОСМОНАВТОВ НЕТ, дипинс",2022-02-20,"2,433",48
ТАЙМАУТ,Nikitata,2022-02-20,"2,418",49
1000-7,fem.love,2022-02-20,"2,411",50
ЛАБИРИНТ,FACE,2022-02-20,"2,396",51
Демоны,Три дня дождя,2022-02-20,"2,367",52
диско элизиум,pyrokinesis,2022-02-20,"2,331",53
Динозаврики,Папин Олимпос,2022-02-20,"2,288",54
TRAXXXMANIA,GONE.Fludd,2022-02-20,"2,254",55
Дежавю,kizaru,2022-02-20,"2,232",56
Вина (feat. 17 SEVENTEEN),"OG Buda, MAYOT",2022-02-20,"2,195",57
Кайф ты поймала,Konfuz,2022-02-20,"2,162",58
Август - это ты,МОТ,2022-02-20,"2,141",59
Кукла колдуна,Korol i Shut,2022-02-20,"2,137",60
Положение,Skryptonite,2022-02-20,"2,131",61
Замигает свет,KENTUKKI,2022-02-20,"2,113",62
Стеклянная,GUMA,2022-02-20,"2,096",63
Дорадура,Дора,2022-02-20,"2,093",64
Softcore,The Neighbourhood,2022-02-20,"2,089",65
Без названия,MACAN,2022-02-20,"2,054",66
макинтош бизнес онли,BUSHIDO ZHO,2022-02-20,"2,048",67
Stay Alive (Prod. SUGA of BTS),Jung Kook,2022-02-20,"2,045",68
Тёмно-оранжевый закат,Папин Олимпос,2022-02-20,"2,045",69
Лирика,Вектор А,2022-02-20,"2,044",70
ПОЧЕМУ?,MORGENSHTERN,2022-02-20,"2,041",71
Хочешь,"Arthur Pirozhkov, Klava Koka",2022-02-20,"2,027",72
After Dark,Mr.Kitty,2022-02-20,"2,027",73
Ты не моя пара,"Dima Bilan, Mari Kraimbrery",2022-02-20,"2,016",74
Это любовь,Skryptonite,2022-02-20,"2,001",75
Выпей меня,Kambulat,2022-02-20,"1,999",76
ЖМУРКИ,163ONMYNECK,2022-02-20,"1,993",77
Патрон,Miyagi & Andy Panda,2022-02-20,"1,992",78
Танцы,ssshhhiiittt!,2022-02-20,"1,980",79
Никто,NЮ,2022-02-20,"1,978",80
Heat Waves,Glass Animals,2022-02-20,"1,974",81
Экзорцизм,Сны Саламандры,2022-02-20,"1,970",82
raznotsvetnaya,DOROFEEVA,2022-02-20,"1,962",83
Любовь после тебя,Artik & Asti,2022-02-20,"1,951",84
Sweater Weather,The Neighbourhood,2022-02-20,"1,951",85
"Наверно, ты меня не помнишь","JONY, HammAli",2022-02-20,"1,950",86
INDUSTRY BABY (feat. Jack Harlow),Lil Nas X,2022-02-20,"1,944",87
Я так соскучился,Pornofilmy,2022-02-20,"1,930",88
Плакала,Lesha Svik,2022-02-20,"1,924",89
Домино,FACE,2022-02-20,"1,923",90
Перезаряжай,Три дня дождя,2022-02-20,"1,907",91
В диапазоне,Pornofilmy,2022-02-20,"1,905",92
No Love,АДЛИН,2022-02-20,"1,888",93
Звезда упала,Sqwore,2022-02-20,"1,869",94
Brooklyn,"Miyagi & Andy Panda, TumaniYO",2022-02-20,"1,856",95
untitled,"semmmyq, shinra",2022-02-20,"1,836",96
Батареи,Нервы,2022-02-20,"1,835",97
I WANNA BE YOUR SLAVE,Måneskin,2022-02-20,"1,829",98
ДРЕССКОД,Nikitata,2022-02-20,"1,829",99
ODIUM,"LXST CXNTURY, Kingpin Skinny Pimp",2022-02-20,"1,813",100
ШОПЛИФТЕР,"163ONMYNECK, Yanix, FEARMUCH, Scally Milano",2022-02-20,"1,794",101
LIPSI HA,INSTASAMKA,2022-02-20,"1,792",102
Колхозник,Mnogoznaal,2022-02-20,"1,792",103
зима,ooes,2022-02-20,"1,788",104
Афган,Max Korzh,2022-02-20,"1,786",105
Таблетка,PLOHOYPAREN,2022-02-20,"1,785",106
Сан Ларан,"Платина, Дора",2022-02-20,"1,772",107
КОРИЧНЕВЫЕ,"163ONMYNECK, OG Buda",2022-02-20,"1,771",108
Холодно,Chris Yank,2022-02-20,"1,765",109
Phonky Town,PlayaPhonk,2022-02-20,"1,754",110
Toxic,BoyWithUke,2022-02-20,"1,751",111
Нету интереса,10AGE,2022-02-20,"1,751",112
ДЕВОЧКА С КАРЕ,MUKKA,2022-02-20,"1,744",113
Зоопарк,10AGE,2022-02-20,"1,742",114
The Motto,"Tiësto, Ava Max",2022-02-20,"1,728",115
Infinity,Jaymes Young,2022-02-20,"1,723",116
SUICIDE YEAR,"WEEDMANE, Suicideyear",2022-02-20,"1,709",117
Контракт,Poshlaya Molly,2022-02-20,"1,708",118
HELLA PLAYERS,"OBLADAET, JEEMBO",2022-02-20,"1,703",119
Formula,Labrinth,2022-02-20,"1,701",120
Кино,MACAN,2022-02-20,"1,695",121
"Боже, как завидую","HammAli & Navai, Jah Khalib",2022-02-20,"1,689",122
Рассвет,КАКАЯ РАЗНИЦА,2022-02-20,"1,685",123
Кайен,Valentin Strykalo,2022-02-20,"1,684",124
Я пиздатый,LIL MORTY,2022-02-20,"1,681",125
Someone like you,NILETTO,2022-02-20,"1,672",126
Снова обогнал их,uglystephan,2022-02-20,"1,666",127
Буква Х,"Scally Milano, LOVV66",2022-02-20,"1,656",128
Пошла жара,"GAYAZOV$ BROTHER$, Filatov & Karas",2022-02-20,"1,649",129
Послала,"VAVAN, Real girl",2022-02-20,"1,641",130
Цепи,"Skryptonite, 104",2022-02-20,"1,640",131
На твиче,нексюша,2022-02-20,"1,637",132
Если устал,Mari Kraimbrery,2022-02-20,"1,636",133
17 лет,Max Korzh,2022-02-20,"1,628",134
Холодное оружие,"Sqwore, rizza",2022-02-20,"1,620",135
Зелёный глаз,Минин,2022-02-20,"1,619",136
so low,"escape, Даня Милохин",2022-02-20,"1,618",137
Как тебя покорить,Перемотка,2022-02-20,"1,617",138
Пачка сигарет,LIZER,2022-02-20,"1,616",139
Нервы,Нервы,2022-02-20,"1,614",140
Останься,"NЮ, Асия",2022-02-20,"1,608",141
Нон стоп,Poshlaya Molly,2022-02-20,"1,594",142
Убей Меня,"Ramil', Rompasso",2022-02-20,"1,582",143
Freaks,Surf Curse,2022-02-20,"1,573",144
Jungle,Emma Louise,2022-02-20,"1,572",145
Ты далеко,SLAVA MARLOW,2022-02-20,"1,570",146
Notion,The Rare Occasions,2022-02-20,"1,570",147
Между Нами,LIZER,2022-02-20,"1,567",148
Где ты,Три дня дождя,2022-02-20,"1,565",149
спать с тобой,хочуспать,2022-02-20,"1,549",150
засыпай,ssshhhiiittt!,2022-02-20,"1,545",151
Я уёбываю в джаз,Кишлак,2022-02-20,"1,545",152
Под Звездопадом,Tima Belorusskih,2022-02-20,"1,540",153
Вороны,Xcho,2022-02-20,"1,539",154
toxin,Benedixhion,2022-02-20,"1,530",155
Танцуй сама,Skryptonite,2022-02-20,"1,527",156
Пушка,10AGE,2022-02-20,"1,527",157
Миллионы,THRILL PILL,2022-02-20,"1,526",158
Москва любит...,Skryptonite,2022-02-20,"1,523",159
Minor,Miyagi & Andy Panda,2022-02-20,"1,516",160
молчи,кис-кис,2022-02-20,"1,513",161
Mama Makusa,"Big Baby Tape, kizaru",2022-02-20,"1,509",162
СТОМАТОЛОГИЧКА,"163ONMYNECK, BUSHIDO ZHO",2022-02-20,"1,505",163
Погоди,DSPRITE,2022-02-20,"1,504",164
Ghoul,Twinky,2022-02-20,"1,500",165
ХОЧЕШЬ?,Zemfira,2022-02-20,"1,494",166
РАССВЕТ,Dzhizus,2022-02-20,"1,484",167
Another Love,Tom Odell,2022-02-20,"1,478",168
Чистый - OST «Псих»,Skryptonite,2022-02-20,"1,474",169
Цветами радуги,pyrokinesis,2022-02-20,"1,466",170
Мальчик на девятке,DEAD BLONDE,2022-02-20,"1,458",171
Говорят чо,"LOVV66, blago white",2022-02-20,"1,455",172
u.,niteboi,2022-02-20,"1,451",173
Инкассатор,ROCKET,2022-02-20,"1,449",174
Не по пути,PHARAOH,2022-02-20,"1,447",175
Scary Garry,"Kaito Shoma, DJ Paul, Kingpin Skinny Pimp",2022-02-20,"1,446",176
Люди,Дайте танк (!),2022-02-20,"1,442",177
Меня не будет,"ANIKV, SALUKI",2022-02-20,"1,442",178
Крышу сносит,"LXNER, quiizzzmeow",2022-02-20,"1,440",179
ИСКАЛА,Zemfira,2022-02-20,"1,440",180
ВЫКЛЮЧАТЕЛЬ,163ONMYNECK,2022-02-20,"1,428",181
Вокзал,Dzharakhov,2022-02-20,"1,427",182
LAMBO URUS,Egor Kreed,2022-02-20,"1,425",183
Shivers (feat. FEDUK & SLAVA MARLOW),Ed Sheeran,2022-02-20,"1,424",184
uf-af,LOLIWZ,2022-02-20,"1,418",185
Втюрилась,Дора,2022-02-20,"1,418",186
На часах ноль-ноль,Dabro,2022-02-20,"1,413",187
She Wants,ROCKET,2022-02-20,"1,409",188
СПАСАТЕЛЬНЫЙ КРУГ,FACE,2022-02-20,"1,404",189
Я тебя люблю,Где Фантом?,2022-02-20,"1,398",190
сети,quiizzzmeow,2022-02-20,"1,398",191
Blinding Lights,The Weeknd,2022-02-20,"1,392",192
HDMI,BONES,2022-02-20,"1,381",193
Ау,"10AGE, Ramil'",2022-02-20,"1,380",194
магия,ooes,2022-02-20,"1,378",195
Веном,"Платина, Big Baby Tape",2022-02-20,"1,378",196
Три Дня Любви,Zivert,2022-02-20,"1,372",197
кладбище,вышел покурить,2022-02-20,"1,369",198
Vlone,FACE,2022-02-20,"1,366",199
Goosebumps,HVME,2022-02-20,"1,365",200
astral step,shadowraze,2022-02-21,"8,780",1
МАЛИНОВАЯ ЛАДА,GAYAZOV$ BROTHER$,2022-02-21,"8,115",2
adaptive strike,"shadowraze, LXNER, quiizzzmeow",2022-02-21,"5,849",3
Фотографирую закат,fem.love,2022-02-21,"5,757",4
Отпускаю,"Egor Kreed, MakSim",2022-02-21,"5,731",5
99 Problems,"Big Baby Tape, kizaru",2022-02-21,"4,492",6
Седьмой лепесток,Антон Токарев,2022-02-21,"4,336",7
Marmalade,"Miyagi & Andy Panda, Mav-d",2022-02-21,"4,218",8
СОЛНЦЕ МОНАКО,Lusia Chebotina,2022-02-21,"4,153",9
Лёд,"WENARO, LXNER",2022-02-21,"4,152",10
Yeyo!,Шайни,2022-02-21,"4,142",11
Bandana,"Big Baby Tape, kizaru",2022-02-21,"3,977",12
MIDDLE OF THE NIGHT,Elley Duhé,2022-02-21,"3,787",13
ТОЛПЫ КРИЧАТ,"uniqe, nkeeei, ARTEM SHILOVETS",2022-02-21,"3,754",14
Гармония,Artik & Asti,2022-02-21,"3,707",15
плачь,"rizza, Sqwore",2022-02-21,"3,689",16
shadowfiend,shadowraze,2022-02-21,"3,565",17
ночь,ooes,2022-02-21,"3,435",18
баночка с окурками,КОСМОНАВТОВ НЕТ,2022-02-21,"3,363",19
Million,"Big Baby Tape, kizaru",2022-02-21,"3,344",20
ВЛЮБИЛАСЬ,"Big Baby Tape, Молодой Платон",2022-02-21,"3,328",21
первое свидание,алёна швец.,2022-02-21,"3,239",22
juggernaut (Prod. by PLVSTIC),shadowraze,2022-02-21,"3,238",23
Барбисайз,"Дора, MAYBE BABY",2022-02-21,"3,114",24
Enemy (with JID) - from the series Arcane League of Legends,Imagine Dragons,2022-02-21,"3,089",25
Aomine Daiki,quiizzzmeow,2022-02-21,"3,087",26
Огни,"ANIKV, SALUKI",2022-02-21,"3,039",27
Буревестник,Miyagi & Andy Panda,2022-02-21,"2,999",28
Днями-ночами,"pyrokinesis, MUKKA",2022-02-21,"2,969",29
Привет,Kambulat,2022-02-21,"2,944",30
За всех,MACAN,2022-02-21,"2,938",31
psiblades,"shadowraze, babyswishh1",2022-02-21,"2,839",32
Вина,Три дня дождя,2022-02-21,"2,835",33
Башня,"Даня Милохин, Mumiy Troll",2022-02-21,"2,798",34
Кожура,ZAPOMNI,2022-02-21,"2,787",35
STAY (with Justin Bieber),The Kid LAROI,2022-02-21,"2,765",36
Феникс,ANNA ASTI,2022-02-21,"2,732",37
Я всё решу (Intro),ZAPOMNI,2022-02-21,"2,708",38
МЯТОЙ - remix 2010,КОСМОНАВТОВ НЕТ,2022-02-21,"2,695",39
Close Eyes,DVRST,2022-02-21,"2,654",40
abcdefu,GAYLE,2022-02-21,"2,653",41
Baby mama,"Skryptonite, Райда",2022-02-21,"2,651",42
ТАЙМАУТ,Nikitata,2022-02-21,"2,629",43
1000-7,"shadowraze, GENJUTSU",2022-02-21,"2,554",44
Диалоги тет-а-тет,"ALEKS ATAMAN, FINIK",2022-02-21,"2,532",45
Softcore,The Neighbourhood,2022-02-21,"2,522",46
Демоны,Три дня дождя,2022-02-21,"2,475",47
Первый раз - remix nevroz,JojoHF,2022-02-21,"2,454",48
Дом Периньон,"Poshlaya Molly, Eldzhey",2022-02-21,"2,449",49
в темноте,"КОСМОНАВТОВ НЕТ, дипинс",2022-02-21,"2,376",50
диско элизиум,pyrokinesis,2022-02-21,"2,358",51
Вина (feat. 17 SEVENTEEN),"OG Buda, MAYOT",2022-02-21,"2,342",52
ЖМУРКИ,163ONMYNECK,2022-02-21,"2,332",53
Лифон,"uniqe, nkeeei, ARTEM SHILOVETS, SAGARA",2022-02-21,"2,330",54
Динозаврики,Папин Олимпос,2022-02-21,"2,308",55
ЛАБИРИНТ,FACE,2022-02-21,"2,290",56
Экзорцизм,Сны Саламандры,2022-02-21,"2,250",57
Stay Alive (Prod. SUGA of BTS),Jung Kook,2022-02-21,"2,231",58
Август - это ты,МОТ,2022-02-21,"2,212",59
TRAXXXMANIA,GONE.Fludd,2022-02-21,"2,193",60
Кайф ты поймала,Konfuz,2022-02-21,"2,191",61
Дорадура,Дора,2022-02-21,"2,167",62
Кукла колдуна,Korol i Shut,2022-02-21,"2,166",63
Ты не моя пара,"Dima Bilan, Mari Kraimbrery",2022-02-21,"2,148",64
ВЫКЛЮЧАТЕЛЬ,163ONMYNECK,2022-02-21,"2,141",65
Дежавю,kizaru,2022-02-21,"2,133",66
Положение,Skryptonite,2022-02-21,"2,132",67
1000-7,fem.love,2022-02-21,"2,123",68
Стеклянная,GUMA,2022-02-21,"2,108",69
Это любовь,Skryptonite,2022-02-21,"2,104",70
Heat Waves,Glass Animals,2022-02-21,"2,100",71
Замигает свет,KENTUKKI,2022-02-21,"2,098",72
After Dark,Mr.Kitty,2022-02-21,"2,085",73
В диапазоне,Pornofilmy,2022-02-21,"2,077",74
Я так соскучился,Pornofilmy,2022-02-21,"2,076",75
"Наверно, ты меня не помнишь","JONY, HammAli",2022-02-21,"2,068",76
Перезаряжай,Три дня дождя,2022-02-21,"2,067",77
Без названия,MACAN,2022-02-21,"2,056",78
Никто,NЮ,2022-02-21,"2,054",79
raznotsvetnaya,DOROFEEVA,2022-02-21,"2,046",80
Лирика,Вектор А,2022-02-21,"2,035",81
Патрон,Miyagi & Andy Panda,2022-02-21,"2,035",82
Плакала,Lesha Svik,2022-02-21,"2,025",83
Любовь после тебя,Artik & Asti,2022-02-21,"2,016",84
макинтош бизнес онли,BUSHIDO ZHO,2022-02-21,"2,013",85
Выпей меня,Kambulat,2022-02-21,"2,010",86
Sweater Weather,The Neighbourhood,2022-02-21,"1,995",87
INDUSTRY BABY (feat. Jack Harlow),Lil Nas X,2022-02-21,"1,949",88
Хочешь,"Arthur Pirozhkov, Klava Koka",2022-02-21,"1,945",89
I WANNA BE YOUR SLAVE,Måneskin,2022-02-21,"1,933",90
Нету интереса,10AGE,2022-02-21,"1,916",91
ПОЧЕМУ?,MORGENSHTERN,2022-02-21,"1,915",92
ШОПЛИФТЕР,"163ONMYNECK, Yanix, FEARMUCH, Scally Milano",2022-02-21,"1,907",93
Где ты,Три дня дождя,2022-02-21,"1,904",94
КОРИЧНЕВЫЕ,"163ONMYNECK, OG Buda",2022-02-21,"1,902",95
Тёмно-оранжевый закат,Папин Олимпос,2022-02-21,"1,888",96
"Боже, как завидую","HammAli & Navai, Jah Khalib",2022-02-21,"1,869",97
Танцы,ssshhhiiittt!,2022-02-21,"1,860",98
Афган,Max Korzh,2022-02-21,"1,848",99
Колхозник,Mnogoznaal,2022-02-21,"1,847",100
Formula,Labrinth,2022-02-21,"1,845",101
Домино,FACE,2022-02-21,"1,840",102
The Motto,"Tiësto, Ava Max",2022-02-21,"1,834",103
Brooklyn,"Miyagi & Andy Panda, TumaniYO",2022-02-21,"1,831",104
Останься,"NЮ, Асия",2022-02-21,"1,816",105
Зоопарк,10AGE,2022-02-21,"1,789",106
ДЕВОЧКА С КАРЕ,MUKKA,2022-02-21,"1,784",107
ДРЕССКОД,Nikitata,2022-02-21,"1,773",108
СТОМАТОЛОГИЧКА,"163ONMYNECK, BUSHIDO ZHO",2022-02-21,"1,773",109
Послала,"VAVAN, Real girl",2022-02-21,"1,769",110
Infinity,Jaymes Young,2022-02-21,"1,768",111
HELLA PLAYERS,"OBLADAET, JEEMBO",2022-02-21,"1,767",112
Цепи,"Skryptonite, 104",2022-02-21,"1,762",113
Someone like you,NILETTO,2022-02-21,"1,754",114
Батареи,Нервы,2022-02-21,"1,734",115
ODIUM,"LXST CXNTURY, Kingpin Skinny Pimp",2022-02-21,"1,732",116
Холодно,Chris Yank,2022-02-21,"1,726",117
Под Звездопадом,Tima Belorusskih,2022-02-21,"1,716",118
Звезда упала,Sqwore,2022-02-21,"1,714",119
No Love,АДЛИН,2022-02-21,"1,712",120
Кино,MACAN,2022-02-21,"1,701",121
Убей Меня,"Ramil', Rompasso",2022-02-21,"1,690",122
Вороны,Xcho,2022-02-21,"1,689",123
зима,ooes,2022-02-21,"1,676",124
Если устал,Mari Kraimbrery,2022-02-21,"1,667",125
Чистый - OST «Псих»,Skryptonite,2022-02-21,"1,662",126
Таблетка,PLOHOYPAREN,2022-02-21,"1,655",127
Сан Ларан,"Платина, Дора",2022-02-21,"1,655",128
17 лет,Max Korzh,2022-02-21,"1,638",129
Рассвет,КАКАЯ РАЗНИЦА,2022-02-21,"1,635",130
Буква Х,"Scally Milano, LOVV66",2022-02-21,"1,628",131
Toxic,BoyWithUke,2022-02-21,"1,628",132
LIPSI HA,INSTASAMKA,2022-02-21,"1,626",133
Москва любит...,Skryptonite,2022-02-21,"1,623",134
Кайен,Valentin Strykalo,2022-02-21,"1,619",135
Снова обогнал их,uglystephan,2022-02-21,"1,613",136
Bad Habits (feat. Bring Me The Horizon),Ed Sheeran,2022-02-21,"1,612",137
Я уёбываю в джаз,Кишлак,2022-02-21,"1,611",138
untitled,"semmmyq, shinra",2022-02-21,"1,608",139
Нервы,Нервы,2022-02-21,"1,593",140
Freaks,Surf Curse,2022-02-21,"1,588",141
Я пиздатый,LIL MORTY,2022-02-21,"1,588",142
Phonky Town,PlayaPhonk,2022-02-21,"1,586",143
Пушка,10AGE,2022-02-21,"1,573",144
Контракт,Poshlaya Molly,2022-02-21,"1,573",145
Цветами радуги,pyrokinesis,2022-02-21,"1,567",146
Ты далеко,SLAVA MARLOW,2022-02-21,"1,565",147
Пачка сигарет,LIZER,2022-02-21,"1,563",148
Зелёный глаз,Минин,2022-02-21,"1,560",149
Не по пути,PHARAOH,2022-02-21,"1,552",150
магия,ooes,2022-02-21,"1,551",151
Как тебя покорить,Перемотка,2022-02-21,"1,545",152
Jungle,Emma Louise,2022-02-21,"1,535",153
На твиче,нексюша,2022-02-21,"1,534",154
Minor,Miyagi & Andy Panda,2022-02-21,"1,533",155
Вокзал,Dzharakhov,2022-02-21,"1,533",156
молчи,кис-кис,2022-02-21,"1,530",157
so low,"escape, Даня Милохин",2022-02-21,"1,530",158
ЗанесLo,LOBODA,2022-02-21,"1,527",159
Пошла жара,"GAYAZOV$ BROTHER$, Filatov & Karas",2022-02-21,"1,517",160
Blinding Lights,The Weeknd,2022-02-21,"1,509",161
Инкассатор,ROCKET,2022-02-21,"1,508",162
Втюрилась,Дора,2022-02-21,"1,494",163
Погоди,DSPRITE,2022-02-21,"1,491",164
Танцуй сама,Skryptonite,2022-02-21,"1,489",165
засыпай,ssshhhiiittt!,2022-02-21,"1,489",166
Another Love,Tom Odell,2022-02-21,"1,484",167
Mama Makusa,"Big Baby Tape, kizaru",2022-02-21,"1,471",168
"там, где хорошо",ANIKV,2022-02-21,"1,465",169
LAMBO URUS,Egor Kreed,2022-02-21,"1,455",170
Shivers (feat. FEDUK & SLAVA MARLOW),Ed Sheeran,2022-02-21,"1,452",171
Notion,The Rare Occasions,2022-02-21,"1,452",172
reGeneration,Dzhizus,2022-02-21,"1,446",173
Мальчик на девятке,DEAD BLONDE,2022-02-21,"1,437",174
Меня не будет,"ANIKV, SALUKI",2022-02-21,"1,433",175
РАССВЕТ,Dzhizus,2022-02-21,"1,429",176
Венера-Юпитер,Ваня Дмитриенко,2022-02-21,"1,421",177
На часах ноль-ноль,Dabro,2022-02-21,"1,419",178
Миллионы,THRILL PILL,2022-02-21,"1,413",179
I Got Love,"MiyaGi & Endspiel, Rem Digga",2022-02-21,"1,409",180
Между Нами,LIZER,2022-02-21,"1,405",181
toxin,Benedixhion,2022-02-21,"1,403",182
Три Дня Любви,Zivert,2022-02-21,"1,403",183
Ау,"10AGE, Ramil'",2022-02-21,"1,398",184
SUICIDE YEAR,"WEEDMANE, Suicideyear",2022-02-21,"1,398",185
Я тебе не верю,"Grigory Leps, Irina Allegrova",2022-02-21,"1,398",186
Нон стоп,Poshlaya Molly,2022-02-21,"1,397",187
Goosebumps,HVME,2022-02-21,"1,393",188
Крышу сносит,"LXNER, quiizzzmeow",2022-02-21,"1,392",189
Холодное оружие,"Sqwore, rizza",2022-02-21,"1,392",190
Люди,Дайте танк (!),2022-02-21,"1,389",191
Пропал интерес,Konfuz,2022-02-21,"1,386",192
Говорят чо,"LOVV66, blago white",2022-02-21,"1,386",193
HDMI,BONES,2022-02-21,"1,382",194
Без даты,УННВ,2022-02-21,"1,382",195
Kosandra,Miyagi & Andy Panda,2022-02-21,"1,371",196
Маяк,Ramil',2022-02-21,"1,367",197
Big Tymers,"Big Baby Tape, kizaru",2022-02-21,"1,367",198
кладбище,вышел покурить,2022-02-21,"1,367",199
JUST BREATHE - feat. 3RACHA of Stray Kids,SKY-HI,2022-02-21,"1,360",200
astral step,shadowraze,2022-02-22,"8,687",1
МАЛИНОВАЯ ЛАДА,GAYAZOV$ BROTHER$,2022-02-22,"7,945",2
Фотографирую закат,fem.love,2022-02-22,"6,131",3
adaptive strike,"shadowraze, LXNER, quiizzzmeow",2022-02-22,"6,014",4
Отпускаю,"Egor Kreed, MakSim",2022-02-22,"5,624",5
Седьмой лепесток,Антон Токарев,2022-02-22,"4,583",6
Лёд,"WENARO, LXNER",2022-02-22,"4,376",7
99 Problems,"Big Baby Tape, kizaru",2022-02-22,"4,361",8
СОЛНЦЕ МОНАКО,Lusia Chebotina,2022-02-22,"4,239",9
Marmalade,"Miyagi & Andy Panda, Mav-d",2022-02-22,"4,229",10
Yeyo!,Шайни,2022-02-22,"3,990",11
Bandana,"Big Baby Tape, kizaru",2022-02-22,"3,904",12
ТОЛПЫ КРИЧАТ,"uniqe, nkeeei, ARTEM SHILOVETS",2022-02-22,"3,765",13
shadowfiend,shadowraze,2022-02-22,"3,722",14
Гармония,Artik & Asti,2022-02-22,"3,681",15
MIDDLE OF THE NIGHT,Elley Duhé,2022-02-22,"3,569",16
плачь,"rizza, Sqwore",2022-02-22,"3,534",17
Million,"Big Baby Tape, kizaru",2022-02-22,"3,515",18
ночь,ooes,2022-02-22,"3,442",19
ВЛЮБИЛАСЬ,"Big Baby Tape, Молодой Платон",2022-02-22,"3,346",20
баночка с окурками,КОСМОНАВТОВ НЕТ,2022-02-22,"3,340",21
Aomine Daiki,quiizzzmeow,2022-02-22,"3,303",22
juggernaut (Prod. by PLVSTIC),shadowraze,2022-02-22,"3,207",23
первое свидание,алёна швец.,2022-02-22,"3,202",24
Буревестник,Miyagi & Andy Panda,2022-02-22,"3,202",25
Привет,Kambulat,2022-02-22,"3,081",26
Барбисайз,"Дора, MAYBE BABY",2022-02-22,"3,079",27
Мой байк,СЕРЕГА ПИРАТ,2022-02-22,"3,027",28
Enemy (with JID) - from the series Arcane League of Legends,Imagine Dragons,2022-02-22,"3,014",29
Башня,"Даня Милохин, Mumiy Troll",2022-02-22,"2,945",30
Феникс,ANNA ASTI,2022-02-22,"2,914",31
За всех,MACAN,2022-02-22,"2,854",32
Кожура,ZAPOMNI,2022-02-22,"2,853",33
Днями-ночами,"pyrokinesis, MUKKA",2022-02-22,"2,841",34
Огни,"ANIKV, SALUKI",2022-02-22,"2,787",35
psiblades,"shadowraze, babyswishh1",2022-02-22,"2,777",36
МЯТОЙ - remix 2010,КОСМОНАВТОВ НЕТ,2022-02-22,"2,742",37
Baby mama,"Skryptonite, Райда",2022-02-22,"2,732",38
Я всё решу (Intro),ZAPOMNI,2022-02-22,"2,706",39
STAY (with Justin Bieber),The Kid LAROI,2022-02-22,"2,687",40
Close Eyes,DVRST,2022-02-22,"2,614",41
abcdefu,GAYLE,2022-02-22,"2,590",42
1000-7,"shadowraze, GENJUTSU",2022-02-22,"2,565",43
ТАЙМАУТ,Nikitata,2022-02-22,"2,542",44
Диалоги тет-а-тет,"ALEKS ATAMAN, FINIK",2022-02-22,"2,525",45
Первый раз - remix nevroz,JojoHF,2022-02-22,"2,478",46
Вина,Три дня дождя,2022-02-22,"2,461",47
ВЫКЛЮЧАТЕЛЬ,163ONMYNECK,2022-02-22,"2,451",48
Август - это ты,МОТ,2022-02-22,"2,433",49
Демоны,Три дня дождя,2022-02-22,"2,405",50
Лифон,"uniqe, nkeeei, ARTEM SHILOVETS, SAGARA",2022-02-22,"2,395",51
After Dark,Mr.Kitty,2022-02-22,"2,378",52
Дом Периньон,"Poshlaya Molly, Eldzhey",2022-02-22,"2,343",53
Вина (feat. 17 SEVENTEEN),"OG Buda, MAYOT",2022-02-22,"2,336",54
диско элизиум,pyrokinesis,2022-02-22,"2,326",55
ЖМУРКИ,163ONMYNECK,2022-02-22,"2,309",56
Я так соскучился,Pornofilmy,2022-02-22,"2,305",57
Положение,Skryptonite,2022-02-22,"2,283",58
Softcore,The Neighbourhood,2022-02-22,"2,277",59
ЛАБИРИНТ,FACE,2022-02-22,"2,273",60
Стеклянная,GUMA,2022-02-22,"2,243",61
Дежавю,kizaru,2022-02-22,"2,242",62
1000-7,fem.love,2022-02-22,"2,237",63
в темноте,"КОСМОНАВТОВ НЕТ, дипинс",2022-02-22,"2,220",64
Кайф ты поймала,Konfuz,2022-02-22,"2,204",65
TRAXXXMANIA,GONE.Fludd,2022-02-22,"2,183",66
Никто,NЮ,2022-02-22,"2,181",67
Ты не моя пара,"Dima Bilan, Mari Kraimbrery",2022-02-22,"2,176",68
Перезаряжай,Три дня дождя,2022-02-22,"2,163",69
Замигает свет,KENTUKKI,2022-02-22,"2,162",70
Stay Alive (Prod. SUGA of BTS),Jung Kook,2022-02-22,"2,146",71
Динозаврики,Папин Олимпос,2022-02-22,"2,132",72
Кукла колдуна,Korol i Shut,2022-02-22,"2,128",73
Лирика,Вектор А,2022-02-22,"2,123",74
Это любовь,Skryptonite,2022-02-22,"2,119",75
Любовь после тебя,Artik & Asti,2022-02-22,"2,096",76
Хочешь,"Arthur Pirozhkov, Klava Koka",2022-02-22,"2,095",77
"Наверно, ты меня не помнишь","JONY, HammAli",2022-02-22,"2,066",78
Плакала,Lesha Svik,2022-02-22,"2,065",79
В диапазоне,Pornofilmy,2022-02-22,"2,063",80
макинтош бизнес онли,BUSHIDO ZHO,2022-02-22,"2,034",81
Нету интереса,10AGE,2022-02-22,"2,033",82
Дорадура,Дора,2022-02-22,"2,022",83
ПОЧЕМУ?,MORGENSHTERN,2022-02-22,"2,012",84
Heat Waves,Glass Animals,2022-02-22,"1,995",85
Выпей меня,Kambulat,2022-02-22,"1,986",86
I WANNA BE YOUR SLAVE,Måneskin,2022-02-22,"1,985",87
Sweater Weather,The Neighbourhood,2022-02-22,"1,980",88
Экзорцизм,Сны Саламандры,2022-02-22,"1,969",89
"Боже, как завидую","HammAli & Navai, Jah Khalib",2022-02-22,"1,968",90
INDUSTRY BABY (feat. Jack Harlow),Lil Nas X,2022-02-22,"1,966",91
Патрон,Miyagi & Andy Panda,2022-02-22,"1,955",92
Тёмно-оранжевый закат,Папин Олимпос,2022-02-22,"1,953",93
Brooklyn,"Miyagi & Andy Panda, TumaniYO",2022-02-22,"1,945",94
raznotsvetnaya,DOROFEEVA,2022-02-22,"1,920",95
Без названия,MACAN,2022-02-22,"1,897",96
Зоопарк,10AGE,2022-02-22,"1,896",97
Останься,"NЮ, Асия",2022-02-22,"1,885",98
Колхозник,Mnogoznaal,2022-02-22,"1,867",99
Танцы,ssshhhiiittt!,2022-02-22,"1,858",100
ДРЕССКОД,Nikitata,2022-02-22,"1,852",101
Домино,FACE,2022-02-22,"1,846",102
Цепи,"Skryptonite, 104",2022-02-22,"1,833",103
Афган,Max Korzh,2022-02-22,"1,819",104
No Love,АДЛИН,2022-02-22,"1,801",105
The Motto,"Tiësto, Ava Max",2022-02-22,"1,791",106
Москва любит...,Skryptonite,2022-02-22,"1,781",107
untitled,"semmmyq, shinra",2022-02-22,"1,775",108
ДЕВОЧКА С КАРЕ,MUKKA,2022-02-22,"1,773",109
Где ты,Три дня дождя,2022-02-22,"1,764",110
ШОПЛИФТЕР,"163ONMYNECK, Yanix, FEARMUCH, Scally Milano",2022-02-22,"1,763",111
HELLA PLAYERS,"OBLADAET, JEEMBO",2022-02-22,"1,754",112
Freaks,Surf Curse,2022-02-22,"1,751",113
Someone like you,NILETTO,2022-02-22,"1,751",114
Сан Ларан,"Платина, Дора",2022-02-22,"1,742",115
Убей Меня,"Ramil', Rompasso",2022-02-22,"1,737",116
Послала,"VAVAN, Real girl",2022-02-22,"1,731",117
Если устал,Mari Kraimbrery,2022-02-22,"1,707",118
Рассвет,КАКАЯ РАЗНИЦА,2022-02-22,"1,700",119
зима,ooes,2022-02-22,"1,691",120
Пушка,10AGE,2022-02-22,"1,683",121
Холодно,Chris Yank,2022-02-22,"1,682",122
ODIUM,"LXST CXNTURY, Kingpin Skinny Pimp",2022-02-22,"1,678",123
Звезда упала,Sqwore,2022-02-22,"1,676",124
Батареи,Нервы,2022-02-22,"1,673",125
Ты далеко,SLAVA MARLOW,2022-02-22,"1,666",126
so low,"escape, Даня Милохин",2022-02-22,"1,666",127
Говорят чо,"LOVV66, blago white",2022-02-22,"1,662",128
Буква Х,"Scally Milano, LOVV66",2022-02-22,"1,654",129
На твиче,нексюша,2022-02-22,"1,643",130
Я уёбываю в джаз,Кишлак,2022-02-22,"1,642",131
ЗанесLo,LOBODA,2022-02-22,"1,630",132
Phonky Town,PlayaPhonk,2022-02-22,"1,625",133
Кайен,Valentin Strykalo,2022-02-22,"1,625",134
Infinity,Jaymes Young,2022-02-22,"1,623",135
КОРИЧНЕВЫЕ,"163ONMYNECK, OG Buda",2022-02-22,"1,622",136
LIPSI HA,INSTASAMKA,2022-02-22,"1,621",137
Чистый - OST «Псих»,Skryptonite,2022-02-22,"1,620",138
Minor,Miyagi & Andy Panda,2022-02-22,"1,615",139
молчи,кис-кис,2022-02-22,"1,605",140
Пачка сигарет,LIZER,2022-02-22,"1,603",141
Контракт,Poshlaya Molly,2022-02-22,"1,597",142
Вороны,Xcho,2022-02-22,"1,590",143
Toxic,BoyWithUke,2022-02-22,"1,589",144
Я пиздатый,LIL MORTY,2022-02-22,"1,582",145
Три Дня Любви,Zivert,2022-02-22,"1,579",146
Formula,Labrinth,2022-02-22,"1,578",147
17 лет,Max Korzh,2022-02-22,"1,578",148
Таблетка,PLOHOYPAREN,2022-02-22,"1,574",149
LAMBO URUS,Egor Kreed,2022-02-22,"1,568",150
Нервы,Нервы,2022-02-22,"1,567",151
СТОМАТОЛОГИЧКА,"163ONMYNECK, BUSHIDO ZHO",2022-02-22,"1,565",152
Jungle,Emma Louise,2022-02-22,"1,554",153
toxin,Benedixhion,2022-02-22,"1,549",154
Кино,MACAN,2022-02-22,"1,546",155
Как тебя покорить,Перемотка,2022-02-22,"1,537",156
Mama Makusa,"Big Baby Tape, kizaru",2022-02-22,"1,532",157
Снова обогнал их,uglystephan,2022-02-22,"1,523",158
Под Звездопадом,Tima Belorusskih,2022-02-22,"1,521",159
"там, где хорошо",ANIKV,2022-02-22,"1,504",160
Another Love,Tom Odell,2022-02-22,"1,503",161
Пошла жара,"GAYAZOV$ BROTHER$, Filatov & Karas",2022-02-22,"1,501",162
Веном,"Платина, Big Baby Tape",2022-02-22,"1,500",163
Погоди,DSPRITE,2022-02-22,"1,497",164
Люди,Дайте танк (!),2022-02-22,"1,493",165
SUICIDE YEAR,"WEEDMANE, Suicideyear",2022-02-22,"1,489",166
Мальчик на девятке,DEAD BLONDE,2022-02-22,"1,482",167
Зелёный глаз,Минин,2022-02-22,"1,476",168
Между Нами,LIZER,2022-02-22,"1,467",169
Shivers (feat. FEDUK & SLAVA MARLOW),Ed Sheeran,2022-02-22,"1,466",170
Инкассатор,ROCKET,2022-02-22,"1,459",171
Меня не будет,"ANIKV, SALUKI",2022-02-22,"1,456",172
Холодное оружие,"Sqwore, rizza",2022-02-22,"1,455",173
Танцуй сама,Skryptonite,2022-02-22,"1,453",174
На часах ноль-ноль,Dabro,2022-02-22,"1,449",175
HDMI,BONES,2022-02-22,"1,445",176
Не по пути,PHARAOH,2022-02-22,"1,440",177
ИСКАЛА,Zemfira,2022-02-22,"1,438",178
Цветами радуги,pyrokinesis,2022-02-22,"1,431",179
Птичка,HammAli & Navai,2022-02-22,"1,427",180
магия,ooes,2022-02-22,"1,427",181
Нон стоп,Poshlaya Molly,2022-02-22,"1,424",182
РАССВЕТ,Dzhizus,2022-02-22,"1,419",183
Blinding Lights,The Weeknd,2022-02-22,"1,419",184
Ау,"10AGE, Ramil'",2022-02-22,"1,417",185
ХОЧЕШЬ?,Zemfira,2022-02-22,"1,404",186
Goosebumps,HVME,2022-02-22,"1,402",187
Star Shopping,Lil Peep,2022-02-22,"1,397",188
Big Tymers,"Big Baby Tape, kizaru",2022-02-22,"1,396",189
Маяк,Ramil',2022-02-22,"1,392",190
засыпай,ssshhhiiittt!,2022-02-22,"1,392",191
Kosandra,Miyagi & Andy Panda,2022-02-22,"1,390",192
Я тебе не верю,"Grigory Leps, Irina Allegrova",2022-02-22,"1,382",193
Notion,The Rare Occasions,2022-02-22,"1,382",194
Не Бруклин,"МОТ, LYRIQ",2022-02-22,"1,379",195
Венера-Юпитер,Ваня Дмитриенко,2022-02-22,"1,378",196
Пополам,"BRANYA, MACAN",2022-02-22,"1,375",197
Без даты,УННВ,2022-02-22,"1,373",198
Тп на аме,СЕРЕГА ПИРАТ,2022-02-22,"1,364",199
Втюрилась,Дора,2022-02-22,"1,364",200
astral step,shadowraze,2022-02-23,"9,427",1
МАЛИНОВАЯ ЛАДА,GAYAZOV$ BROTHER$,2022-02-23,"8,490",2
adaptive strike,"shadowraze, LXNER, quiizzzmeow",2022-02-23,"6,084",3
Фотографирую закат,fem.love,2022-02-23,"5,960",4
Отпускаю,"Egor Kreed, MakSim",2022-02-23,"5,887",5
Седьмой лепесток,Антон Токарев,2022-02-23,"4,580",6
99 Problems,"Big Baby Tape, kizaru",2022-02-23,"4,557",7
Лёд,"WENARO, LXNER",2022-02-23,"4,437",8
СОЛНЦЕ МОНАКО,Lusia Chebotina,2022-02-23,"4,412",9
Marmalade,"Miyagi & Andy Panda, Mav-d",2022-02-23,"4,394",10
Yeyo!,Шайни,2022-02-23,"4,193",11
Bandana,"Big Baby Tape, kizaru",2022-02-23,"4,116",12
ТОЛПЫ КРИЧАТ,"uniqe, nkeeei, ARTEM SHILOVETS",2022-02-23,"4,015",13
shadowfiend,shadowraze,2022-02-23,"3,862",14
Гармония,Artik & Asti,2022-02-23,"3,843",15
Million,"Big Baby Tape, kizaru",2022-02-23,"3,643",16
плачь,"rizza, Sqwore",2022-02-23,"3,630",17
MIDDLE OF THE NIGHT,Elley Duhé,2022-02-23,"3,626",18
ночь,ooes,2022-02-23,"3,582",19
баночка с окурками,КОСМОНАВТОВ НЕТ,2022-02-23,"3,483",20
ВЛЮБИЛАСЬ,"Big Baby Tape, Молодой Платон",2022-02-23,"3,441",21
juggernaut (Prod. by PLVSTIC),shadowraze,2022-02-23,"3,388",22
Aomine Daiki,quiizzzmeow,2022-02-23,"3,341",23
первое свидание,алёна швец.,2022-02-23,"3,251",24
Барбисайз,"Дора, MAYBE BABY",2022-02-23,"3,179",25
Enemy (with JID) - from the series Arcane League of Legends,Imagine Dragons,2022-02-23,"3,175",26
Буревестник,Miyagi & Andy Panda,2022-02-23,"3,071",27
За всех,MACAN,2022-02-23,"3,057",28
Привет,Kambulat,2022-02-23,"3,054",29
Феникс,ANNA ASTI,2022-02-23,"2,974",30
Кожура,ZAPOMNI,2022-02-23,"2,942",31
psiblades,"shadowraze, babyswishh1",2022-02-23,"2,932",32
Башня,"Даня Милохин, Mumiy Troll",2022-02-23,"2,902",33
Днями-ночами,"pyrokinesis, MUKKA",2022-02-23,"2,828",34
МЯТОЙ - remix 2010,КОСМОНАВТОВ НЕТ,2022-02-23,"2,817",35
Baby mama,"Skryptonite, Райда",2022-02-23,"2,798",36
abcdefu,GAYLE,2022-02-23,"2,791",37
Я всё решу (Intro),ZAPOMNI,2022-02-23,"2,774",38
STAY (with Justin Bieber),The Kid LAROI,2022-02-23,"2,772",39
1000-7,"shadowraze, GENJUTSU",2022-02-23,"2,680",40
Огни,"ANIKV, SALUKI",2022-02-23,"2,670",41
Диалоги тет-а-тет,"ALEKS ATAMAN, FINIK",2022-02-23,"2,655",42
Close Eyes,DVRST,2022-02-23,"2,641",43
ТАЙМАУТ,Nikitata,2022-02-23,"2,639",44
Демоны,Три дня дождя,2022-02-23,"2,541",45
Лифон,"uniqe, nkeeei, ARTEM SHILOVETS, SAGARA",2022-02-23,"2,508",46
ЛАБИРИНТ,FACE,2022-02-23,"2,491",47
ВЫКЛЮЧАТЕЛЬ,163ONMYNECK,2022-02-23,"2,477",48
Дом Периньон,"Poshlaya Molly, Eldzhey",2022-02-23,"2,468",49
Август - это ты,МОТ,2022-02-23,"2,467",50
Первый раз - remix nevroz,JojoHF,2022-02-23,"2,464",51
ЖМУРКИ,163ONMYNECK,2022-02-23,"2,386",52
Мой байк,СЕРЕГА ПИРАТ,2022-02-23,"2,343",53
Softcore,The Neighbourhood,2022-02-23,"2,325",54
Дежавю,kizaru,2022-02-23,"2,280",55
Кукла колдуна,Korol i Shut,2022-02-23,"2,275",56
1000-7,fem.love,2022-02-23,"2,265",57
Ты не моя пара,"Dima Bilan, Mari Kraimbrery",2022-02-23,"2,259",58
Heat Waves,Glass Animals,2022-02-23,"2,254",59
TRAXXXMANIA,GONE.Fludd,2022-02-23,"2,253",60
Кайф ты поймала,Konfuz,2022-02-23,"2,252",61
Вина,Три дня дождя,2022-02-23,"2,249",62
Никто,NЮ,2022-02-23,"2,236",63
ПОЧЕМУ?,MORGENSHTERN,2022-02-23,"2,222",64
Положение,Skryptonite,2022-02-23,"2,203",65
в темноте,"КОСМОНАВТОВ НЕТ, дипинс",2022-02-23,"2,197",66
"Наверно, ты меня не помнишь","JONY, HammAli",2022-02-23,"2,197",67
Стеклянная,GUMA,2022-02-23,"2,184",68
Выпей меня,Kambulat,2022-02-23,"2,182",69
Хочешь,"Arthur Pirozhkov, Klava Koka",2022-02-23,"2,180",70
Я так соскучился,Pornofilmy,2022-02-23,"2,170",71
Перезаряжай,Три дня дождя,2022-02-23,"2,161",72
Динозаврики,Папин Олимпос,2022-02-23,"2,158",73
Дорадура,Дора,2022-02-23,"2,155",74
Плакала,Lesha Svik,2022-02-23,"2,149",75
Вина (feat. 17 SEVENTEEN),"OG Buda, MAYOT",2022-02-23,"2,118",76
Это любовь,Skryptonite,2022-02-23,"2,107",77
Любовь после тебя,Artik & Asti,2022-02-23,"2,081",78
Патрон,Miyagi & Andy Panda,2022-02-23,"2,080",79
Brooklyn,"Miyagi & Andy Panda, TumaniYO",2022-02-23,"2,061",80
After Dark,Mr.Kitty,2022-02-23,"2,040",81
Нету интереса,10AGE,2022-02-23,"2,036",82
raznotsvetnaya,DOROFEEVA,2022-02-23,"2,025",83
В диапазоне,Pornofilmy,2022-02-23,"2,022",84
Тёмно-оранжевый закат,Папин Олимпос,2022-02-23,"2,009",85
диско элизиум,pyrokinesis,2022-02-23,"1,998",86
"Боже, как завидую","HammAli & Navai, Jah Khalib",2022-02-23,"1,998",87
Лирика,Вектор А,2022-02-23,"1,994",88
макинтош бизнес онли,BUSHIDO ZHO,2022-02-23,"1,990",89
I WANNA BE YOUR SLAVE,Måneskin,2022-02-23,"1,977",90
Замигает свет,KENTUKKI,2022-02-23,"1,977",91
Без названия,MACAN,2022-02-23,"1,972",92
INDUSTRY BABY (feat. Jack Harlow),Lil Nas X,2022-02-23,"1,966",93
Домино,FACE,2022-02-23,"1,955",94
Sweater Weather,The Neighbourhood,2022-02-23,"1,954",95
Афган,Max Korzh,2022-02-23,"1,946",96
Stay Alive (Prod. SUGA of BTS),Jung Kook,2022-02-23,"1,940",97
Танцы,ssshhhiiittt!,2022-02-23,"1,939",98
Останься,"NЮ, Асия",2022-02-23,"1,907",99
Notion,The Rare Occasions,2022-02-23,"1,899",100
HELLA PLAYERS,"OBLADAET, JEEMBO",2022-02-23,"1,878",101
Колхозник,Mnogoznaal,2022-02-23,"1,863",102
Зоопарк,10AGE,2022-02-23,"1,843",103
The Motto,"Tiësto, Ava Max",2022-02-23,"1,828",104
ДРЕССКОД,Nikitata,2022-02-23,"1,825",105
Цепи,"Skryptonite, 104",2022-02-23,"1,814",106
ДЕВОЧКА С КАРЕ,MUKKA,2022-02-23,"1,812",107
No Love,АДЛИН,2022-02-23,"1,809",108
Freaks,Surf Curse,2022-02-23,"1,787",109
Сан Ларан,"Платина, Дора",2022-02-23,"1,782",110
Послала,"VAVAN, Real girl",2022-02-23,"1,764",111
Убей Меня,"Ramil', Rompasso",2022-02-23,"1,761",112
Someone like you,NILETTO,2022-02-23,"1,759",113
so low,"escape, Даня Милохин",2022-02-23,"1,751",114
Экзорцизм,Сны Саламандры,2022-02-23,"1,734",115
зима,ooes,2022-02-23,"1,731",116
Пачка сигарет,LIZER,2022-02-23,"1,719",117
Холодно,Chris Yank,2022-02-23,"1,712",118
LIPSI HA,INSTASAMKA,2022-02-23,"1,711",119
untitled,"semmmyq, shinra",2022-02-23,"1,707",120
Под Звездопадом,Tima Belorusskih,2022-02-23,"1,697",121
Я пиздатый,LIL MORTY,2022-02-23,"1,697",122
Буква Х,"Scally Milano, LOVV66",2022-02-23,"1,693",123
Чистый - OST «Псих»,Skryptonite,2022-02-23,"1,693",124
Кино,MACAN,2022-02-23,"1,689",125
Контракт,Poshlaya Molly,2022-02-23,"1,686",126
Звезда упала,Sqwore,2022-02-23,"1,685",127
Infinity,Jaymes Young,2022-02-23,"1,685",128
Таблетка,PLOHOYPAREN,2022-02-23,"1,685",129
ODIUM,"LXST CXNTURY, Kingpin Skinny Pimp",2022-02-23,"1,684",130
Minor,Miyagi & Andy Panda,2022-02-23,"1,683",131
Батареи,Нервы,2022-02-23,"1,682",132
Пушка,10AGE,2022-02-23,"1,676",133
Пошла жара,"GAYAZOV$ BROTHER$, Filatov & Karas",2022-02-23,"1,675",134
Рассвет,КАКАЯ РАЗНИЦА,2022-02-23,"1,675",135
Вороны,Xcho,2022-02-23,"1,668",136
Если устал,Mari Kraimbrery,2022-02-23,"1,660",137
ШОПЛИФТЕР,"163ONMYNECK, Yanix, FEARMUCH, Scally Milano",2022-02-23,"1,651",138
Где ты,Три дня дождя,2022-02-23,"1,644",139
17 лет,Max Korzh,2022-02-23,"1,643",140
Москва любит...,Skryptonite,2022-02-23,"1,637",141
Зелёный глаз,Минин,2022-02-23,"1,636",142
ЗанесLo,LOBODA,2022-02-23,"1,636",143
Ты далеко,SLAVA MARLOW,2022-02-23,"1,633",144
Formula,Labrinth,2022-02-23,"1,614",145
Кайен,Valentin Strykalo,2022-02-23,"1,604",146
Mama Makusa,"Big Baby Tape, kizaru",2022-02-23,"1,591",147
Как тебя покорить,Перемотка,2022-02-23,"1,590",148
молчи,кис-кис,2022-02-23,"1,587",149
Снова обогнал их,uglystephan,2022-02-23,"1,585",150
Я уёбываю в джаз,Кишлак,2022-02-23,"1,580",151
Phonky Town,PlayaPhonk,2022-02-23,"1,565",152
Shivers (feat. FEDUK & SLAVA MARLOW),Ed Sheeran,2022-02-23,"1,560",153
Мальчик на девятке,DEAD BLONDE,2022-02-23,"1,548",154
Jungle,Emma Louise,2022-02-23,"1,539",155
Нервы,Нервы,2022-02-23,"1,538",156
На часах ноль-ноль,Dabro,2022-02-23,"1,534",157
Toxic,BoyWithUke,2022-02-23,"1,524",158
Танцуй сама,Skryptonite,2022-02-23,"1,515",159
Нон стоп,Poshlaya Molly,2022-02-23,"1,505",160
На твиче,нексюша,2022-02-23,"1,505",161
Веном,"Платина, Big Baby Tape",2022-02-23,"1,505",162
Три Дня Любви,Zivert,2022-02-23,"1,493",163
"там, где хорошо",ANIKV,2022-02-23,"1,492",164
Холодное оружие,"Sqwore, rizza",2022-02-23,"1,492",165
HDMI,BONES,2022-02-23,"1,491",166
Goosebumps,HVME,2022-02-23,"1,490",167
Между Нами,LIZER,2022-02-23,"1,486",168
Меня не будет,"ANIKV, SALUKI",2022-02-23,"1,485",169
Kosandra,Miyagi & Andy Panda,2022-02-23,"1,481",170
Миллионы,THRILL PILL,2022-02-23,"1,473",171
Не по пути,PHARAOH,2022-02-23,"1,468",172
засыпай,ssshhhiiittt!,2022-02-23,"1,467",173
Маяк,Ramil',2022-02-23,"1,466",174
Погоди,DSPRITE,2022-02-23,"1,461",175
Another Love,Tom Odell,2022-02-23,"1,460",176
SUICIDE YEAR,"WEEDMANE, Suicideyear",2022-02-23,"1,460",177
СПАСАТЕЛЬНЫЙ КРУГ,FACE,2022-02-23,"1,459",178
Инкассатор,ROCKET,2022-02-23,"1,458",179
Говорят чо,"LOVV66, blago white",2022-02-23,"1,456",180
Венера-Юпитер,Ваня Дмитриенко,2022-02-23,"1,454",181
UP,INNA,2022-02-23,"1,452",182
Rampampam,Minelli,2022-02-23,"1,444",183
LAMBO URUS,Egor Kreed,2022-02-23,"1,443",184
спать с тобой,хочуспать,2022-02-23,"1,438",185
Птичка,HammAli & Navai,2022-02-23,"1,437",186
Люди,Дайте танк (!),2022-02-23,"1,437",187
ХОЧЕШЬ?,Zemfira,2022-02-23,"1,436",188
Blinding Lights,The Weeknd,2022-02-23,"1,432",189
ИСКАЛА,Zemfira,2022-02-23,"1,430",190
Втюрилась,Дора,2022-02-23,"1,426",191
Пополам,"BRANYA, MACAN",2022-02-23,"1,426",192
toxin,Benedixhion,2022-02-23,"1,425",193
Я тебе не верю,"Grigory Leps, Irina Allegrova",2022-02-23,"1,425",194
I Got Love,"MiyaGi & Endspiel, Rem Digga",2022-02-23,"1,421",195
Vlone,FACE,2022-02-23,"1,411",196
Big Tymers,"Big Baby Tape, kizaru",2022-02-23,"1,407",197
РАССВЕТ,Dzhizus,2022-02-23,"1,407",198
Star Shopping,Lil Peep,2022-02-23,"1,406",199
кладбище,вышел покурить,2022-02-23,"1,404",200
astral step,shadowraze,2022-02-24,"7,932",1
МАЛИНОВАЯ ЛАДА,GAYAZOV$ BROTHER$,2022-02-24,"6,749",2
adaptive strike,"shadowraze, LXNER, quiizzzmeow",2022-02-24,"5,488",3
Фотографирую закат,fem.love,2022-02-24,"5,424",4
Отпускаю,"Egor Kreed, MakSim",2022-02-24,"4,601",5
Лёд,"WENARO, LXNER",2022-02-24,"4,127",6
99 Problems,"Big Baby Tape, kizaru",2022-02-24,"4,020",7
Седьмой лепесток,Антон Токарев,2022-02-24,"3,887",8
Marmalade,"Miyagi & Andy Panda, Mav-d",2022-02-24,"3,801",9
Yeyo!,Шайни,2022-02-24,"3,632",10
ТОЛПЫ КРИЧАТ,"uniqe, nkeeei, ARTEM SHILOVETS",2022-02-24,"3,579",11
Bandana,"Big Baby Tape, kizaru",2022-02-24,"3,499",12
плачь,"rizza, Sqwore",2022-02-24,"3,423",13
СОЛНЦЕ МОНАКО,Lusia Chebotina,2022-02-24,"3,409",14
shadowfiend,shadowraze,2022-02-24,"3,349",15
Million,"Big Baby Tape, kizaru",2022-02-24,"3,234",16
Гармония,Artik & Asti,2022-02-24,"3,192",17
баночка с окурками,КОСМОНАВТОВ НЕТ,2022-02-24,"3,075",18
ВЛЮБИЛАСЬ,"Big Baby Tape, Молодой Платон",2022-02-24,"3,072",19
MIDDLE OF THE NIGHT,Elley Duhé,2022-02-24,"3,019",20
первое свидание,алёна швец.,2022-02-24,"3,013",21
juggernaut (Prod. by PLVSTIC),shadowraze,2022-02-24,"3,004",22
ночь,ooes,2022-02-24,"2,939",23
Aomine Daiki,quiizzzmeow,2022-02-24,"2,928",24
Буревестник,Miyagi & Andy Panda,2022-02-24,"2,783",25
Барбисайз,"Дора, MAYBE BABY",2022-02-24,"2,717",26
За всех,MACAN,2022-02-24,"2,686",27
Кожура,ZAPOMNI,2022-02-24,"2,665",28
Enemy (with JID) - from the series Arcane League of Legends,Imagine Dragons,2022-02-24,"2,636",29
Привет,Kambulat,2022-02-24,"2,583",30
ЛАБИРИНТ,FACE,2022-02-24,"2,551",31
psiblades,"shadowraze, babyswishh1",2022-02-24,"2,529",32
Днями-ночами,"pyrokinesis, MUKKA",2022-02-24,"2,514",33
Close Eyes,DVRST,2022-02-24,"2,494",34
Феникс,ANNA ASTI,2022-02-24,"2,461",35
Я всё решу (Intro),ZAPOMNI,2022-02-24,"2,453",36
МЯТОЙ - remix 2010,КОСМОНАВТОВ НЕТ,2022-02-24,"2,425",37
Башня,"Даня Милохин, Mumiy Troll",2022-02-24,"2,392",38
STAY (with Justin Bieber),The Kid LAROI,2022-02-24,"2,377",39
ЖМУРКИ,163ONMYNECK,2022-02-24,"2,362",40
Baby mama,"Skryptonite, Райда",2022-02-24,"2,358",41
ТАЙМАУТ,Nikitata,2022-02-24,"2,348",42
Диалоги тет-а-тет,"ALEKS ATAMAN, FINIK",2022-02-24,"2,300",43
1000-7,"shadowraze, GENJUTSU",2022-02-24,"2,253",44
В диапазоне,Pornofilmy,2022-02-24,"2,239",45
abcdefu,GAYLE,2022-02-24,"2,225",46
Первый раз - remix nevroz,JojoHF,2022-02-24,"2,202",47
Дом Периньон,"Poshlaya Molly, Eldzhey",2022-02-24,"2,185",48
Демоны,Три дня дождя,2022-02-24,"2,152",49
Дежавю,kizaru,2022-02-24,"2,131",50
Огни,"ANIKV, SALUKI",2022-02-24,"2,129",51
Я так соскучился,Pornofilmy,2022-02-24,"2,112",52
Softcore,The Neighbourhood,2022-02-24,"2,061",53
Лифон,"uniqe, nkeeei, ARTEM SHILOVETS, SAGARA",2022-02-24,"2,053",54
Вина (feat. 17 SEVENTEEN),"OG Buda, MAYOT",2022-02-24,"2,049",55
ВЫКЛЮЧАТЕЛЬ,163ONMYNECK,2022-02-24,"2,010",56
Замигает свет,KENTUKKI,2022-02-24,"1,999",57
Перезаряжай,Три дня дождя,2022-02-24,"1,994",58
After Dark,Mr.Kitty,2022-02-24,"1,990",59
Вина,Три дня дождя,2022-02-24,"1,989",60
TRAXXXMANIA,GONE.Fludd,2022-02-24,"1,976",61
Динозаврики,Папин Олимпос,2022-02-24,"1,971",62
Положение,Skryptonite,2022-02-24,"1,960",63
Август - это ты,МОТ,2022-02-24,"1,947",64
Афган,Max Korzh,2022-02-24,"1,938",65
Выпей меня,Kambulat,2022-02-24,"1,931",66
Кукла колдуна,Korol i Shut,2022-02-24,"1,916",67
Это любовь,Skryptonite,2022-02-24,"1,896",68
ПОЧЕМУ?,MORGENSHTERN,2022-02-24,"1,888",69
Дорадура,Дора,2022-02-24,"1,867",70
Стеклянная,GUMA,2022-02-24,"1,866",71
Кайф ты поймала,Konfuz,2022-02-24,"1,855",72
1000-7,fem.love,2022-02-24,"1,842",73
Без названия,MACAN,2022-02-24,"1,841",74
Танцы,ssshhhiiittt!,2022-02-24,"1,834",75
в темноте,"КОСМОНАВТОВ НЕТ, дипинс",2022-02-24,"1,828",76
"Наверно, ты меня не помнишь","JONY, HammAli",2022-02-24,"1,827",77
Патрон,Miyagi & Andy Panda,2022-02-24,"1,820",78
Тёмно-оранжевый закат,Папин Олимпос,2022-02-24,"1,817",79
Heat Waves,Glass Animals,2022-02-24,"1,803",80
Ты не моя пара,"Dima Bilan, Mari Kraimbrery",2022-02-24,"1,785",81
Любовь после тебя,Artik & Asti,2022-02-24,"1,783",82
Sweater Weather,The Neighbourhood,2022-02-24,"1,761",83
Никто,NЮ,2022-02-24,"1,758",84
диско элизиум,pyrokinesis,2022-02-24,"1,751",85
Плакала,Lesha Svik,2022-02-24,"1,750",86
макинтош бизнес онли,BUSHIDO ZHO,2022-02-24,"1,747",87
Хочешь,"Arthur Pirozhkov, Klava Koka",2022-02-24,"1,736",88
Лирика,Вектор А,2022-02-24,"1,707",89
No Love,АДЛИН,2022-02-24,"1,695",90
INDUSTRY BABY (feat. Jack Harlow),Lil Nas X,2022-02-24,"1,686",91
raznotsvetnaya,DOROFEEVA,2022-02-24,"1,683",92
Домино,FACE,2022-02-24,"1,672",93
Brooklyn,"Miyagi & Andy Panda, TumaniYO",2022-02-24,"1,668",94
I WANNA BE YOUR SLAVE,Måneskin,2022-02-24,"1,667",95
HELLA PLAYERS,"OBLADAET, JEEMBO",2022-02-24,"1,654",96
"Боже, как завидую","HammAli & Navai, Jah Khalib",2022-02-24,"1,645",97
Нету интереса,10AGE,2022-02-24,"1,644",98
ДЕВОЧКА С КАРЕ,MUKKA,2022-02-24,"1,636",99
Stay Alive (Prod. SUGA of BTS),Jung Kook,2022-02-24,"1,623",100
Останься,"NЮ, Асия",2022-02-24,"1,610",101
ДРЕССКОД,Nikitata,2022-02-24,"1,605",102
Мой байк,СЕРЕГА ПИРАТ,2022-02-24,"1,597",103
Колхозник,Mnogoznaal,2022-02-24,"1,586",104
Нервы,Нервы,2022-02-24,"1,581",105
Зелёный глаз,Минин,2022-02-24,"1,579",106
зима,ooes,2022-02-24,"1,568",107
Someone like you,NILETTO,2022-02-24,"1,564",108
Кино,MACAN,2022-02-24,"1,528",109
untitled,"semmmyq, shinra",2022-02-24,"1,514",110
Зоопарк,10AGE,2022-02-24,"1,512",111
Батареи,Нервы,2022-02-24,"1,511",112
Звезда упала,Sqwore,2022-02-24,"1,508",113
Рассвет,КАКАЯ РАЗНИЦА,2022-02-24,"1,508",114
Revenge,XXXTENTACION,2022-02-24,"1,505",115
Phonky Town,PlayaPhonk,2022-02-24,"1,489",116
so low,"escape, Даня Милохин",2022-02-24,"1,488",117
Буква Х,"Scally Milano, LOVV66",2022-02-24,"1,487",118
Вороны,Xcho,2022-02-24,"1,482",119
Сан Ларан,"Платина, Дора",2022-02-24,"1,475",120
Холодно,Chris Yank,2022-02-24,"1,474",121
Цепи,"Skryptonite, 104",2022-02-24,"1,472",122
ODIUM,"LXST CXNTURY, Kingpin Skinny Pimp",2022-02-24,"1,471",123
The Motto,"Tiësto, Ava Max",2022-02-24,"1,470",124
На твиче,нексюша,2022-02-24,"1,469",125
Infinity,Jaymes Young,2022-02-24,"1,465",126
Я пиздатый,LIL MORTY,2022-02-24,"1,465",127
Таблетка,PLOHOYPAREN,2022-02-24,"1,460",128
Freaks,Surf Curse,2022-02-24,"1,454",129
Убей Меня,"Ramil', Rompasso",2022-02-24,"1,453",130
LIPSI HA,INSTASAMKA,2022-02-24,"1,450",131
17 лет,Max Korzh,2022-02-24,"1,450",132
Под Звездопадом,Tima Belorusskih,2022-02-24,"1,442",133
Notion,The Rare Occasions,2022-02-24,"1,438",134
Экзорцизм,Сны Саламандры,2022-02-24,"1,435",135
Если устал,Mari Kraimbrery,2022-02-24,"1,433",136
Где ты,Три дня дождя,2022-02-24,"1,432",137
Контракт,Poshlaya Molly,2022-02-24,"1,426",138
Инкассатор,ROCKET,2022-02-24,"1,425",139
Minor,Miyagi & Andy Panda,2022-02-24,"1,420",140
Чистый - OST «Псих»,Skryptonite,2022-02-24,"1,419",141
Ты далеко,SLAVA MARLOW,2022-02-24,"1,407",142
Кайен,Valentin Strykalo,2022-02-24,"1,407",143
Послала,"VAVAN, Real girl",2022-02-24,"1,396",144
Пачка сигарет,LIZER,2022-02-24,"1,396",145
Another Love,Tom Odell,2022-02-24,"1,394",146
Я уёбываю в джаз,Кишлак,2022-02-24,"1,390",147
молчи,кис-кис,2022-02-24,"1,389",148
Снова обогнал их,uglystephan,2022-02-24,"1,384",149
Без бою,Okean Elzy,2022-02-24,"1,382",150
Пошла жара,"GAYAZOV$ BROTHER$, Filatov & Karas",2022-02-24,"1,377",151
SUICIDE YEAR,"WEEDMANE, Suicideyear",2022-02-24,"1,370",152
ШОПЛИФТЕР,"163ONMYNECK, Yanix, FEARMUCH, Scally Milano",2022-02-24,"1,365",153
Toxic,BoyWithUke,2022-02-24,"1,364",154
Как тебя покорить,Перемотка,2022-02-24,"1,362",155
Пушка,10AGE,2022-02-24,"1,359",156
Цветами радуги,pyrokinesis,2022-02-24,"1,356",157
Jungle,Emma Louise,2022-02-24,"1,351",158
Mama Makusa,"Big Baby Tape, kizaru",2022-02-24,"1,337",159
Не по пути,PHARAOH,2022-02-24,"1,334",160
засыпай,ssshhhiiittt!,2022-02-24,"1,332",161
ЗанесLo,LOBODA,2022-02-24,"1,329",162
Ау,"10AGE, Ramil'",2022-02-24,"1,328",163
Нон стоп,Poshlaya Molly,2022-02-24,"1,327",164
спать с тобой,хочуспать,2022-02-24,"1,322",165
Холодное оружие,"Sqwore, rizza",2022-02-24,"1,320",166
Formula,Labrinth,2022-02-24,"1,318",167
Москва любит...,Skryptonite,2022-02-24,"1,317",168
Star Shopping,Lil Peep,2022-02-24,"1,315",169
Миллионы,THRILL PILL,2022-02-24,"1,313",170
надежда,ssshhhiiittt!,2022-02-24,"1,311",171
toxin,Benedixhion,2022-02-24,"1,308",172
Мальчик на девятке,DEAD BLONDE,2022-02-24,"1,306",173
кладбище,вышел покурить,2022-02-24,"1,305",174
HDMI,BONES,2022-02-24,"1,293",175
Погоди,DSPRITE,2022-02-24,"1,290",176
РАССВЕТ,Dzhizus,2022-02-24,"1,287",177
Люди,Дайте танк (!),2022-02-24,"1,286",178
ИСКАЛА,Zemfira,2022-02-24,"1,283",179
Пополам,"BRANYA, MACAN",2022-02-24,"1,275",180
Танцуй сама,Skryptonite,2022-02-24,"1,274",181
На часах ноль-ноль,Dabro,2022-02-24,"1,270",182
u.,niteboi,2022-02-24,"1,265",183
дети немой страны,конец солнечных дней,2022-02-24,"1,264",184
"там, где хорошо",ANIKV,2022-02-24,"1,263",185
Меня не будет,"ANIKV, SALUKI",2022-02-24,"1,262",186
Веном,"Платина, Big Baby Tape",2022-02-24,"1,262",187
Vlone,FACE,2022-02-24,"1,255",188
телу тоже больно,"Naitivihod, Папин Олимпос",2022-02-24,"1,255",189
ПОРНХАБ КРИСМАС КЛАБ,Poshlaya Molly,2022-02-24,"1,248",190
Big Tymers,"Big Baby Tape, kizaru",2022-02-24,"1,243",191
ХОЧЕШЬ?,Zemfira,2022-02-24,"1,238",192
Без даты,УННВ,2022-02-24,"1,233",193
Птичка,HammAli & Navai,2022-02-24,"1,230",194
Я тебе не верю,"Grigory Leps, Irina Allegrova",2022-02-24,"1,230",195
Маяк,Ramil',2022-02-24,"1,227",196
Shivers (feat. FEDUK & SLAVA MARLOW),Ed Sheeran,2022-02-24,"1,225",197
Kosandra,Miyagi & Andy Panda,2022-02-24,"1,225",198
Тп на аме,СЕРЕГА ПИРАТ,2022-02-24,"1,225",199
Втюрилась,Дора,2022-02-24,"1,225",200
